domain,condition,split,method,target,metric,value
hairpin,nominal,train,isomap_graph,arc_length,edge_count,622
hairpin,nominal,train,isomap_graph,arc_length,long_arc_separation_edge_count,0
hairpin,nominal,train,isomap_graph,arc_length,long_arc_separation_edge_rate,0
hairpin,nominal,train,isomap_graph,arc_length,long_arc_separation_threshold,0.69999999999999996
hairpin,nominal,train,isomap_graph,arc_length,long_arc_separation_denominator_edges,622
hairpin,nominal,train,isomap_graph,arc_length,material_path_shortcut_count,0
hairpin,nominal,train,isomap_graph,arc_length,material_path_shortcut_rate,0
hairpin,nominal,train,isomap_graph,arc_length,material_path_shortcut_underestimation_threshold,0.5
hairpin,nominal,train,isomap_graph,arc_length,material_path_shortcut_denominator_edges,622
hairpin,nominal,train,isomap_graph,arc_length,graph_distance_relative_rmse,0.0085166536433016887
hairpin,nominal,train,isomap_graph,arc_length,graph_distance_correlation,0.99989924009932019
hairpin,nominal,train,isomap_graph,arc_length,component_count,1
hairpin,nominal,train,isomap_graph,arc_length,finite_pair_count,16110
hairpin,nominal,train,isomap_graph,arc_length,infinite_pair_count,0
hairpin,nominal,train,ambient_cmds,mds,negative_eigenmass,4.9190142592330347e-13
hairpin,nominal,train,ambient_cmds,mds,strain,0.02958644192068826
hairpin,nominal,train,isomap,mds,negative_eigenmass,0.29012369262784377
hairpin,nominal,train,isomap,mds,strain,0.0025865353922783687
hairpin,nominal,train,pca,affine_aligned_arc_length,coordinate_rmse,1.8334695661099631
hairpin,nominal,validation,pca,affine_aligned_arc_length,coordinate_rmse,1.7082902177187307
hairpin,nominal,test,pca,affine_aligned_arc_length,coordinate_rmse,1.6398078937049132
hairpin,nominal,train,ambient_cmds,affine_aligned_arc_length,coordinate_rmse,1.8334695661099631
hairpin,nominal,validation,ambient_cmds,affine_aligned_arc_length,coordinate_rmse,1.7082902177187309
hairpin,nominal,test,ambient_cmds,affine_aligned_arc_length,coordinate_rmse,1.6398078937049132
hairpin,nominal,train,isomap,affine_aligned_arc_length,coordinate_rmse,0.014898831767834015
hairpin,nominal,validation,isomap,affine_aligned_arc_length,coordinate_rmse,0.015384698006811659
hairpin,nominal,test,isomap,affine_aligned_arc_length,coordinate_rmse,0.0176343686726321
hairpin,nominal,train,mean,arc_length,coordinate_rmse,1.8415541341400818
hairpin,nominal,validation,mean,arc_length,coordinate_rmse,1.6790365522341704
hairpin,nominal,test,mean,arc_length,coordinate_rmse,1.6491286811828418
hairpin,sparse_connector_gap,train,isomap_graph,control,edge_count,632
hairpin,sparse_connector_gap,train,isomap_graph,control,long_arc_separation_edge_count,0
hairpin,sparse_connector_gap,train,isomap_graph,control,long_arc_separation_edge_rate,0
hairpin,sparse_connector_gap,train,isomap_graph,control,long_arc_separation_threshold,0.69999999999999996
hairpin,sparse_connector_gap,train,isomap_graph,control,long_arc_separation_denominator_edges,632
hairpin,sparse_connector_gap,train,isomap_graph,control,material_path_shortcut_count,0
hairpin,sparse_connector_gap,train,isomap_graph,control,material_path_shortcut_rate,0
hairpin,sparse_connector_gap,train,isomap_graph,control,material_path_shortcut_underestimation_threshold,0.5
hairpin,sparse_connector_gap,train,isomap_graph,control,material_path_shortcut_denominator_edges,632
hairpin,sparse_connector_gap,train,isomap_graph,control,graph_distance_relative_rmse,0.016128953784410198
hairpin,sparse_connector_gap,train,isomap_graph,control,graph_distance_correlation,0.999773733594435
hairpin,sparse_connector_gap,train,isomap_graph,control,component_count,2
hairpin,sparse_connector_gap,train,isomap_graph,control,finite_pair_count,8046
hairpin,sparse_connector_gap,train,isomap_graph,control,infinite_pair_count,8064
hairpin,reduced_branch_separation,train,isomap_graph,control,edge_count,626
hairpin,reduced_branch_separation,train,isomap_graph,control,long_arc_separation_edge_count,80
hairpin,reduced_branch_separation,train,isomap_graph,control,long_arc_separation_edge_rate,0.12779552715654952
hairpin,reduced_branch_separation,train,isomap_graph,control,long_arc_separation_threshold,0.69999999999999996
hairpin,reduced_branch_separation,train,isomap_graph,control,long_arc_separation_denominator_edges,626
hairpin,reduced_branch_separation,train,isomap_graph,control,material_path_shortcut_count,81
hairpin,reduced_branch_separation,train,isomap_graph,control,material_path_shortcut_rate,0.12939297124600638
hairpin,reduced_branch_separation,train,isomap_graph,control,material_path_shortcut_underestimation_threshold,0.5
hairpin,reduced_branch_separation,train,isomap_graph,control,material_path_shortcut_denominator_edges,626
hairpin,reduced_branch_separation,train,isomap_graph,control,graph_distance_relative_rmse,0.67882070852798571
hairpin,reduced_branch_separation,train,isomap_graph,control,graph_distance_correlation,0.30232947959354872
hairpin,reduced_branch_separation,train,isomap_graph,control,component_count,1
hairpin,reduced_branch_separation,train,isomap_graph,control,finite_pair_count,16110
hairpin,reduced_branch_separation,train,isomap_graph,control,infinite_pair_count,0
hairpin,reduced_branch_separation,train,isomap,mds,negative_eigenmass,5.5253921102699
hairpin,reduced_branch_separation,train,isomap,mds,strain,0.035046776614391005
hairpin,nonuniform_sampling,train,isomap_graph,control,edge_count,630
hairpin,nonuniform_sampling,train,isomap_graph,control,long_arc_separation_edge_count,1
hairpin,nonuniform_sampling,train,isomap_graph,control,long_arc_separation_edge_rate,0.0015873015873015873
hairpin,nonuniform_sampling,train,isomap_graph,control,long_arc_separation_threshold,0.69999999999999996
hairpin,nonuniform_sampling,train,isomap_graph,control,long_arc_separation_denominator_edges,630
hairpin,nonuniform_sampling,train,isomap_graph,control,material_path_shortcut_count,1
hairpin,nonuniform_sampling,train,isomap_graph,control,material_path_shortcut_rate,0.0015873015873015873
hairpin,nonuniform_sampling,train,isomap_graph,control,material_path_shortcut_underestimation_threshold,0.5
hairpin,nonuniform_sampling,train,isomap_graph,control,material_path_shortcut_denominator_edges,630
hairpin,nonuniform_sampling,train,isomap_graph,control,graph_distance_relative_rmse,0.28506788033934355
hairpin,nonuniform_sampling,train,isomap_graph,control,graph_distance_correlation,0.96685274940190802
hairpin,nonuniform_sampling,train,isomap_graph,control,component_count,2
hairpin,nonuniform_sampling,train,isomap_graph,control,finite_pair_count,14251
hairpin,nonuniform_sampling,train,isomap_graph,control,infinite_pair_count,1859
hairpin,disconnected_small_k,train,isomap_graph,control,edge_count,123
hairpin,disconnected_small_k,train,isomap_graph,control,long_arc_separation_edge_count,0
hairpin,disconnected_small_k,train,isomap_graph,control,long_arc_separation_edge_rate,0
hairpin,disconnected_small_k,train,isomap_graph,control,long_arc_separation_threshold,0.69999999999999996
hairpin,disconnected_small_k,train,isomap_graph,control,long_arc_separation_denominator_edges,123
hairpin,disconnected_small_k,train,isomap_graph,control,material_path_shortcut_count,0
hairpin,disconnected_small_k,train,isomap_graph,control,material_path_shortcut_rate,0
hairpin,disconnected_small_k,train,isomap_graph,control,material_path_shortcut_underestimation_threshold,0.5
hairpin,disconnected_small_k,train,isomap_graph,control,material_path_shortcut_denominator_edges,123
hairpin,disconnected_small_k,train,isomap_graph,control,graph_distance_relative_rmse,0.34740312414912189
hairpin,disconnected_small_k,train,isomap_graph,control,graph_distance_correlation,0.90866822761717347
hairpin,disconnected_small_k,train,isomap_graph,control,component_count,57
hairpin,disconnected_small_k,train,isomap_graph,control,finite_pair_count,227
hairpin,disconnected_small_k,train,isomap_graph,control,infinite_pair_count,15883
hairpin,wrong_k,train,isomap_graph,control,edge_count,1786
hairpin,wrong_k,train,isomap_graph,control,long_arc_separation_edge_count,148
hairpin,wrong_k,train,isomap_graph,control,long_arc_separation_edge_rate,0.082866741321388576
hairpin,wrong_k,train,isomap_graph,control,long_arc_separation_threshold,0.69999999999999996
hairpin,wrong_k,train,isomap_graph,control,long_arc_separation_denominator_edges,1786
hairpin,wrong_k,train,isomap_graph,control,material_path_shortcut_count,142
hairpin,wrong_k,train,isomap_graph,control,material_path_shortcut_rate,0.079507278835386344
hairpin,wrong_k,train,isomap_graph,control,material_path_shortcut_underestimation_threshold,0.5
hairpin,wrong_k,train,isomap_graph,control,material_path_shortcut_denominator_edges,1786
hairpin,wrong_k,train,isomap_graph,control,graph_distance_relative_rmse,0.63831927358853413
hairpin,wrong_k,train,isomap_graph,control,graph_distance_correlation,0.41211582026527577
hairpin,wrong_k,train,isomap_graph,control,component_count,1
hairpin,wrong_k,train,isomap_graph,control,finite_pair_count,16110
hairpin,wrong_k,train,isomap_graph,control,infinite_pair_count,0
hairpin,wrong_k,train,isomap,mds,negative_eigenmass,22.557281614443838
hairpin,wrong_k,train,isomap,mds,strain,0.15840028314648333
hairpin,nearly_complete_large_k,train,isomap_graph,control,edge_count,16109
hairpin,nearly_complete_large_k,train,isomap_graph,control,long_arc_separation_edge_count,12841
hairpin,nearly_complete_large_k,train,isomap_graph,control,long_arc_separation_edge_rate,0.79713203799118504
hairpin,nearly_complete_large_k,train,isomap_graph,control,long_arc_separation_threshold,0.69999999999999996
hairpin,nearly_complete_large_k,train,isomap_graph,control,long_arc_separation_denominator_edges,16109
hairpin,nearly_complete_large_k,train,isomap_graph,control,material_path_shortcut_count,6822
hairpin,nearly_complete_large_k,train,isomap_graph,control,material_path_shortcut_rate,0.4234899745483891
hairpin,nearly_complete_large_k,train,isomap_graph,control,material_path_shortcut_underestimation_threshold,0.5
hairpin,nearly_complete_large_k,train,isomap_graph,control,material_path_shortcut_denominator_edges,16109
hairpin,nearly_complete_large_k,train,isomap_graph,control,graph_distance_relative_rmse,0.67860500964400317
hairpin,nearly_complete_large_k,train,isomap_graph,control,graph_distance_correlation,0.323985011180697
hairpin,nearly_complete_large_k,train,isomap_graph,control,component_count,1
hairpin,nearly_complete_large_k,train,isomap_graph,control,finite_pair_count,16110
hairpin,nearly_complete_large_k,train,isomap_graph,control,infinite_pair_count,0
hairpin,nearly_complete_large_k,train,isomap,mds,negative_eigenmass,0.00062306894243426556
hairpin,nearly_complete_large_k,train,isomap,mds,strain,0.029586439553034388
hairpin,anisotropic_feature_scaling_z3,train,isomap_graph,control,edge_count,625
hairpin,anisotropic_feature_scaling_z3,train,isomap_graph,control,long_arc_separation_edge_count,0
hairpin,anisotropic_feature_scaling_z3,train,isomap_graph,control,long_arc_separation_edge_rate,0
hairpin,anisotropic_feature_scaling_z3,train,isomap_graph,control,long_arc_separation_threshold,0.69999999999999996
hairpin,anisotropic_feature_scaling_z3,train,isomap_graph,control,long_arc_separation_denominator_edges,625
hairpin,anisotropic_feature_scaling_z3,train,isomap_graph,control,material_path_shortcut_count,0
hairpin,anisotropic_feature_scaling_z3,train,isomap_graph,control,material_path_shortcut_rate,0
hairpin,anisotropic_feature_scaling_z3,train,isomap_graph,control,material_path_shortcut_underestimation_threshold,0.5
hairpin,anisotropic_feature_scaling_z3,train,isomap_graph,control,material_path_shortcut_denominator_edges,625
hairpin,anisotropic_feature_scaling_z3,train,isomap_graph,control,graph_distance_relative_rmse,0.36367452616655149
hairpin,anisotropic_feature_scaling_z3,train,isomap_graph,control,graph_distance_correlation,0.99962264107894117
hairpin,anisotropic_feature_scaling_z3,train,isomap_graph,control,component_count,1
hairpin,anisotropic_feature_scaling_z3,train,isomap_graph,control,finite_pair_count,16110
hairpin,anisotropic_feature_scaling_z3,train,isomap_graph,control,infinite_pair_count,0
hairpin,anisotropic_feature_scaling_z3,train,isomap_graph,control,undirected_neighbor_edge_symmetric_difference_count,85
hairpin,anisotropic_feature_scaling_z3,train,isomap_graph,control,undirected_neighbor_edge_symmetric_difference_rate,0.13665594855305466
hairpin,anisotropic_feature_scaling_z3,train,isomap,mds,negative_eigenmass,1.3366827979773399
hairpin,anisotropic_feature_scaling_z3,train,isomap,mds,strain,0.010982800196251545
circle,uniform,train,diffusion_maps,l2_pi_fourier_two_mode_eigenspace,l2_pi_principal_angle_1_degrees,0
circle,uniform,train,diffusion_maps,l2_pi_fourier_two_mode_eigenspace,l2_pi_principal_angle_2_degrees,1.4787793334710982e-06
circle,uniform,train,diffusion_maps,operator,l2_pi_p_invariant_subspace_residual,3.632349792734543e-16
circle,uniform,train,diffusion_maps,diffusion_distance,two_mode_truncation_relative_rmse,0.44170538412197813
circle,uniform,train,diffusion_maps,diffusion_distance,spectral_direct_max_abs_error,8.8817841970012523e-15
circle,uniform,test,diffusion_maps_nystrom,cos_sin_modes,heldout_midpoint_rmse,6.4653319461977268e-15
circle,uniform,train,diffusion_maps,spectrum,eigenvalue_0,1.0000000000000007
circle,uniform,train,diffusion_maps,spectrum,eigenvalue_1,0.95388036850243774
circle,uniform,train,diffusion_maps,spectrum,eigenvalue_2,0.95388036850243685
circle,uniform,train,diffusion_maps,spectrum,eigenvalue_3,0.82830153366956127
circle,uniform,train,diffusion_maps,spectrum,eigenvalue_4,0.82830153366956116
circle,uniform,train,diffusion_maps,spectrum,eigenvalue_5,0.65569181638139573
circle,uniform,train,diffusion_maps,spectrum,eigenvalue_6,0.6556918163813954
circle,uniform,train,diffusion_maps,spectrum,eigenvalue_7,0.47422795282360808
circle,nonuniform_density,train,diffusion_maps,operator,l2_pi_p_invariant_subspace_residual,0.046080159280558738
circle,nonuniform_density,train,diffusion_maps,diffusion_distance,two_mode_truncation_relative_rmse,0.45053021132851245
circle,nonuniform_density,train,diffusion_maps,diffusion_distance,full_spectrum_pairwise_rms,2.8609463842567182
circle,nonuniform_density,train,diffusion_maps,spectrum,eigenvalue_0,1
circle,nonuniform_density,train,diffusion_maps,spectrum,eigenvalue_1,0.9825046914650496
circle,nonuniform_density,train,diffusion_maps,spectrum,eigenvalue_2,0.93950943774422546
circle,nonuniform_density,train,diffusion_maps,spectrum,eigenvalue_3,0.89462921857622901
circle,nonuniform_density,train,diffusion_maps,l2_pi_fourier_two_mode_eigenspace,l2_pi_principal_angle_1_degrees,7.4806468960160712
circle,nonuniform_density,train,diffusion_maps,l2_pi_fourier_two_mode_eigenspace,l2_pi_principal_angle_2_degrees,13.571039588253042
circle,epsilon_too_small,train,diffusion_maps,operator,l2_pi_p_invariant_subspace_residual,2.6109638553604238e-16
circle,epsilon_too_small,train,diffusion_maps,diffusion_distance,two_mode_truncation_relative_rmse,0.78719856054960125
circle,epsilon_too_small,train,diffusion_maps,diffusion_distance,full_spectrum_pairwise_rms,8.3689661214323241
circle,epsilon_too_small,train,diffusion_maps,spectrum,eigenvalue_0,1
circle,epsilon_too_small,train,diffusion_maps,spectrum,eigenvalue_1,0.99874980532925428
circle,epsilon_too_small,train,diffusion_maps,spectrum,eigenvalue_2,0.99874980532925428
circle,epsilon_too_small,train,diffusion_maps,spectrum,eigenvalue_3,0.99500863282680729
circle,epsilon_too_small,train,diffusion_maps,l2_pi_fourier_two_mode_eigenspace,l2_pi_principal_angle_1_degrees,0
circle,epsilon_too_small,train,diffusion_maps,l2_pi_fourier_two_mode_eigenspace,l2_pi_principal_angle_2_degrees,0
circle,epsilon_too_large,train,diffusion_maps,operator,l2_pi_p_invariant_subspace_residual,1.307675583787374e-16
circle,epsilon_too_large,train,diffusion_maps,diffusion_distance,two_mode_truncation_relative_rmse,0.0069317522282369322
circle,epsilon_too_large,train,diffusion_maps,diffusion_distance,full_spectrum_pairwise_rms,0.3962156572956288
circle,epsilon_too_large,train,diffusion_maps,spectrum,eigenvalue_0,0.99999999999999989
circle,epsilon_too_large,train,diffusion_maps,spectrum,eigenvalue_1,0.19610381221799567
circle,epsilon_too_large,train,diffusion_maps,spectrum,eigenvalue_2,0.19610381221799544
circle,epsilon_too_large,train,diffusion_maps,spectrum,eigenvalue_3,0.019480938910022418
circle,epsilon_too_large,train,diffusion_maps,l2_pi_fourier_two_mode_eigenspace,l2_pi_principal_angle_1_degrees,0
circle,epsilon_too_large,train,diffusion_maps,l2_pi_fourier_two_mode_eigenspace,l2_pi_principal_angle_2_degrees,0
circle,uniform,train,diffusion_maps,markov_operator_oracle,markov_row_sum_max_abs_error,2.2204460492503131e-16
circle,uniform,train,diffusion_maps,markov_operator_oracle,stationary_distribution_max_abs_error,8.6736173798840355e-18
circle,uniform,train,diffusion_maps,markov_operator_oracle,detailed_balance_max_abs_error,2.1684043449710089e-19
circle,uniform,train,diffusion_maps,markov_operator_oracle,l2_pi_eigenfunction_gram_max_abs_error,3.1086244689504383e-15
circle,uniform,train,diffusion_maps,markov_operator_oracle,spectral_direct_diffusion_distance_max_abs_error,8.8817841970012523e-15
hairpin,reduced_branch_separation,train,generator_oracle,reduced_geometry,radius,0.059999999999999998
hairpin,reduced_branch_separation,train,generator_oracle,reduced_geometry,total_length,6.1884955592153874
hairpin,reduced_branch_separation,train,generator_oracle,reduced_geometry,endpoint_max_abs_error,0
hairpin,reduced_branch_separation,train,generator_oracle,reduced_geometry,sample_min_ell,0.02317995830000745
hairpin,reduced_branch_separation,train,generator_oracle,reduced_geometry,sample_max_ell,6.1837498466080554
hairpin,reduced_branch_separation,train,generator_oracle,reduced_geometry,domain_upper_bound,6.1884955592153874
hairpin,reduced_branch_separation,train,generator_oracle,reduced_geometry,max_domain_violation,0
hairpin,reduced_branch_separation,train,generator_oracle,reduced_geometry,nominal_quantile_reuse_max_abs_error,1.1102230246251565e-16
hairpin,reduced_branch_separation,train,generator_oracle,reduced_geometry,straight_branch_length,3
hairpin,synthetic_exact_ties,train,knn_oracle,tie_handling,no_self_neighbor_candidates,1
hairpin,synthetic_exact_ties,train,knn_oracle,tie_handling,stable_lower_index_tie_behavior,1
hairpin,synthetic_exact_ties,train,knn_oracle,tie_handling,union_symmetry,1
hairpin,synthetic_exact_ties,train,knn_oracle,tie_handling,retained_edge_weight_max_abs_error,0
