split,condition,parameter_source,method,inference_target,region,metric,value
train,correct_model,known_true,kalman_filter,online_state,all,latent_rmse,0.36625239014772876
train,correct_model,known_true,kalman_filter,online_state,all,interval_95_coverage,0.94791666666666663
train,correct_model,known_true,kalman_filter,online_state,all,mean_posterior_variance,0.13196395794704122
train,correct_model,known_true,rts_smoother,retrospective_state,all,latent_rmse,0.31750873413549868
train,correct_model,known_true,rts_smoother,retrospective_state,all,interval_95_coverage,0.94999999999999996
train,correct_model,known_true,rts_smoother,retrospective_state,all,mean_posterior_variance,0.10111147150416747
train,correct_model,baseline,stationary_mean,point_state,all,latent_rmse,0.64960960603281259
train,correct_model,baseline,persistence,point_state,all,latent_rmse,0.65046349185353824
train,correct_model,known_true,open_loop,point_state,all,latent_rmse,0.64708499966573019
train,correct_model,known_true,kalman_filter,one_step_observation,observed,predictive_nll,1.2282057334602992
train,correct_model,known_true,kalman_filter,innovation,observed,innovation_mean,-0.016089131670393487
train,correct_model,known_true,kalman_filter,innovation,observed,innovation_variance,1.1338499473793249
train,correct_model,known_true,kalman_filter,innovation,observed,innovation_lag1,0.0076165816963261086
train,learned_grid,selected_train_validation,kalman_filter,online_state,all,latent_rmse,0.36625239014772876
train,learned_grid,selected_train_validation,kalman_filter,online_state,all,interval_95_coverage,0.94791666666666663
train,learned_grid,selected_train_validation,kalman_filter,online_state,all,mean_posterior_variance,0.13196395794704122
train,learned_grid,selected_train_validation,rts_smoother,retrospective_state,all,latent_rmse,0.31750873413549868
train,learned_grid,selected_train_validation,rts_smoother,retrospective_state,all,interval_95_coverage,0.94999999999999996
train,learned_grid,selected_train_validation,rts_smoother,retrospective_state,all,mean_posterior_variance,0.10111147150416747
train,learned_grid,baseline,stationary_mean,point_state,all,latent_rmse,0.64960960603281259
train,learned_grid,baseline,persistence,point_state,all,latent_rmse,0.65046349185353824
train,learned_grid,selected_train_validation,open_loop,point_state,all,latent_rmse,0.64708499966573019
train,learned_grid,selected_train_validation,kalman_filter,one_step_observation,observed,predictive_nll,1.2282057334602992
train,learned_grid,selected_train_validation,kalman_filter,innovation,observed,innovation_mean,-0.016089131670393487
train,learned_grid,selected_train_validation,kalman_filter,innovation,observed,innovation_variance,1.1338499473793249
train,learned_grid,selected_train_validation,kalman_filter,innovation,observed,innovation_lag1,0.0076165816963261086
train,q_too_small_r_too_large,predeclared_wrong,kalman_filter,online_state,all,latent_rmse,0.49925907232713834
train,q_too_small_r_too_large,predeclared_wrong,kalman_filter,online_state,all,interval_95_coverage,0.70104166666666667
train,q_too_small_r_too_large,predeclared_wrong,kalman_filter,online_state,all,mean_posterior_variance,0.068022578739519488
train,q_too_small_r_too_large,predeclared_wrong,rts_smoother,retrospective_state,all,latent_rmse,0.44049870107699923
train,q_too_small_r_too_large,predeclared_wrong,rts_smoother,retrospective_state,all,interval_95_coverage,0.72499999999999998
train,q_too_small_r_too_large,predeclared_wrong,rts_smoother,retrospective_state,all,mean_posterior_variance,0.058630840756884607
train,q_too_small_r_too_large,baseline,stationary_mean,point_state,all,latent_rmse,0.64960960603281259
train,q_too_small_r_too_large,baseline,persistence,point_state,all,latent_rmse,0.65046349185353824
train,q_too_small_r_too_large,predeclared_wrong,open_loop,point_state,all,latent_rmse,0.64733032947675395
train,q_too_small_r_too_large,predeclared_wrong,kalman_filter,one_step_observation,observed,predictive_nll,1.2897966000213661
train,q_too_small_r_too_large,predeclared_wrong,kalman_filter,innovation,observed,innovation_mean,-0.0326243644048234
train,q_too_small_r_too_large,predeclared_wrong,kalman_filter,innovation,observed,innovation_variance,0.87493015305343413
train,q_too_small_r_too_large,predeclared_wrong,kalman_filter,innovation,observed,innovation_lag1,0.26711695702619703
train,q_too_large_r_too_small,predeclared_wrong,kalman_filter,online_state,all,latent_rmse,0.54120927124066687
train,q_too_large_r_too_small,predeclared_wrong,kalman_filter,online_state,all,interval_95_coverage,0.70104166666666667
train,q_too_large_r_too_small,predeclared_wrong,kalman_filter,online_state,all,mean_posterior_variance,0.0822672618454484
train,q_too_large_r_too_small,predeclared_wrong,rts_smoother,retrospective_state,all,latent_rmse,0.48826580701873373
train,q_too_large_r_too_small,predeclared_wrong,rts_smoother,retrospective_state,all,interval_95_coverage,0.72395833333333337
train,q_too_large_r_too_small,predeclared_wrong,rts_smoother,retrospective_state,all,mean_posterior_variance,0.073432545779406083
train,q_too_large_r_too_small,baseline,stationary_mean,point_state,all,latent_rmse,0.64960960603281259
train,q_too_large_r_too_small,baseline,persistence,point_state,all,latent_rmse,0.65046349185353824
train,q_too_large_r_too_small,predeclared_wrong,open_loop,point_state,all,latent_rmse,0.66433062534453469
train,q_too_large_r_too_small,predeclared_wrong,kalman_filter,one_step_observation,observed,predictive_nll,1.3299171140380133
train,q_too_large_r_too_small,predeclared_wrong,kalman_filter,innovation,observed,innovation_mean,-0.0052769410998078246
train,q_too_large_r_too_small,predeclared_wrong,kalman_filter,innovation,observed,innovation_variance,1.3900814292133079
train,q_too_large_r_too_small,predeclared_wrong,kalman_filter,innovation,observed,innovation_lag1,-0.33066351241942332
validation,correct_model,known_true,kalman_filter,online_state,all,latent_rmse,0.35090254620198896
validation,correct_model,known_true,kalman_filter,online_state,all,interval_95_coverage,0.9604166666666667
validation,correct_model,known_true,kalman_filter,online_state,all,mean_posterior_variance,0.13196395794704122
validation,correct_model,known_true,rts_smoother,retrospective_state,all,latent_rmse,0.3164902588063716
validation,correct_model,known_true,rts_smoother,retrospective_state,all,interval_95_coverage,0.95416666666666672
validation,correct_model,known_true,rts_smoother,retrospective_state,all,mean_posterior_variance,0.10111147150416747
validation,correct_model,baseline,stationary_mean,point_state,all,latent_rmse,0.53329404564910432
validation,correct_model,baseline,persistence,point_state,all,latent_rmse,0.6109683149187517
validation,correct_model,known_true,open_loop,point_state,all,latent_rmse,0.54678239371128501
validation,correct_model,known_true,kalman_filter,one_step_observation,observed,predictive_nll,1.1074820413624678
validation,correct_model,known_true,kalman_filter,innovation,observed,innovation_mean,0.01474803154929087
validation,correct_model,known_true,kalman_filter,innovation,observed,innovation_variance,0.89244391890699137
validation,correct_model,known_true,kalman_filter,innovation,observed,innovation_lag1,0.048523983173341313
validation,learned_grid,selected_train_validation,kalman_filter,online_state,all,latent_rmse,0.35090254620198896
validation,learned_grid,selected_train_validation,kalman_filter,online_state,all,interval_95_coverage,0.9604166666666667
validation,learned_grid,selected_train_validation,kalman_filter,online_state,all,mean_posterior_variance,0.13196395794704122
validation,learned_grid,selected_train_validation,rts_smoother,retrospective_state,all,latent_rmse,0.3164902588063716
validation,learned_grid,selected_train_validation,rts_smoother,retrospective_state,all,interval_95_coverage,0.95416666666666672
validation,learned_grid,selected_train_validation,rts_smoother,retrospective_state,all,mean_posterior_variance,0.10111147150416747
validation,learned_grid,baseline,stationary_mean,point_state,all,latent_rmse,0.53329404564910432
validation,learned_grid,baseline,persistence,point_state,all,latent_rmse,0.6109683149187517
validation,learned_grid,selected_train_validation,open_loop,point_state,all,latent_rmse,0.54678239371128501
validation,learned_grid,selected_train_validation,kalman_filter,one_step_observation,observed,predictive_nll,1.1074820413624678
validation,learned_grid,selected_train_validation,kalman_filter,innovation,observed,innovation_mean,0.01474803154929087
validation,learned_grid,selected_train_validation,kalman_filter,innovation,observed,innovation_variance,0.89244391890699137
validation,learned_grid,selected_train_validation,kalman_filter,innovation,observed,innovation_lag1,0.048523983173341313
validation,q_too_small_r_too_large,predeclared_wrong,kalman_filter,online_state,all,latent_rmse,0.42984639899417015
validation,q_too_small_r_too_large,predeclared_wrong,kalman_filter,online_state,all,interval_95_coverage,0.7583333333333333
validation,q_too_small_r_too_large,predeclared_wrong,kalman_filter,online_state,all,mean_posterior_variance,0.068022578739519501
validation,q_too_small_r_too_large,predeclared_wrong,rts_smoother,retrospective_state,all,latent_rmse,0.39296969825463646
validation,q_too_small_r_too_large,predeclared_wrong,rts_smoother,retrospective_state,all,interval_95_coverage,0.76666666666666672
validation,q_too_small_r_too_large,predeclared_wrong,rts_smoother,retrospective_state,all,mean_posterior_variance,0.0586308407568846
validation,q_too_small_r_too_large,baseline,stationary_mean,point_state,all,latent_rmse,0.53329404564910432
validation,q_too_small_r_too_large,baseline,persistence,point_state,all,latent_rmse,0.6109683149187517
validation,q_too_small_r_too_large,predeclared_wrong,open_loop,point_state,all,latent_rmse,0.5349885925021769
validation,q_too_small_r_too_large,predeclared_wrong,kalman_filter,one_step_observation,observed,predictive_nll,1.1811744862015838
validation,q_too_small_r_too_large,predeclared_wrong,kalman_filter,innovation,observed,innovation_mean,0.016760239265698453
validation,q_too_small_r_too_large,predeclared_wrong,kalman_filter,innovation,observed,innovation_variance,0.65846936894644492
validation,q_too_small_r_too_large,predeclared_wrong,kalman_filter,innovation,observed,innovation_lag1,0.25548161062753066
validation,q_too_large_r_too_small,predeclared_wrong,kalman_filter,online_state,all,latent_rmse,0.51837302893376913
validation,q_too_large_r_too_small,predeclared_wrong,kalman_filter,online_state,all,interval_95_coverage,0.73750000000000004
validation,q_too_large_r_too_small,predeclared_wrong,kalman_filter,online_state,all,mean_posterior_variance,0.0822672618454484
validation,q_too_large_r_too_small,predeclared_wrong,rts_smoother,retrospective_state,all,latent_rmse,0.47599031115435725
validation,q_too_large_r_too_small,predeclared_wrong,rts_smoother,retrospective_state,all,interval_95_coverage,0.75208333333333333
validation,q_too_large_r_too_small,predeclared_wrong,rts_smoother,retrospective_state,all,mean_posterior_variance,0.073432545779406083
validation,q_too_large_r_too_small,baseline,stationary_mean,point_state,all,latent_rmse,0.53329404564910432
validation,q_too_large_r_too_small,baseline,persistence,point_state,all,latent_rmse,0.6109683149187517
validation,q_too_large_r_too_small,predeclared_wrong,open_loop,point_state,all,latent_rmse,0.57273136776471278
validation,q_too_large_r_too_small,predeclared_wrong,kalman_filter,one_step_observation,observed,predictive_nll,1.1739237933877746
validation,q_too_large_r_too_small,predeclared_wrong,kalman_filter,innovation,observed,innovation_mean,0.0067995875203386014
validation,q_too_large_r_too_small,predeclared_wrong,kalman_filter,innovation,observed,innovation_variance,1.0780763996297547
validation,q_too_large_r_too_small,predeclared_wrong,kalman_filter,innovation,observed,innovation_lag1,-0.27938552439078729
test,correct_model,known_true,kalman_filter,online_state,all,latent_rmse,0.35578122508372961
test,correct_model,known_true,kalman_filter,online_state,all,interval_95_coverage,0.94843750000000004
test,correct_model,known_true,kalman_filter,online_state,all,mean_posterior_variance,0.13196395794704122
test,correct_model,known_true,rts_smoother,retrospective_state,all,latent_rmse,0.31413568495860111
test,correct_model,known_true,rts_smoother,retrospective_state,all,interval_95_coverage,0.94843750000000004
test,correct_model,known_true,rts_smoother,retrospective_state,all,mean_posterior_variance,0.10111147150416747
test,correct_model,baseline,stationary_mean,point_state,all,latent_rmse,0.61600626940280057
test,correct_model,baseline,persistence,point_state,all,latent_rmse,0.60333433388944924
test,correct_model,known_true,open_loop,point_state,all,latent_rmse,0.61107230574852744
test,correct_model,known_true,kalman_filter,one_step_observation,observed,predictive_nll,1.1114523753447194
test,correct_model,known_true,kalman_filter,innovation,observed,innovation_mean,-0.027404961492454694
test,correct_model,known_true,kalman_filter,innovation,observed,innovation_variance,0.89985105939167054
test,correct_model,known_true,kalman_filter,innovation,observed,innovation_lag1,0.0048282405030048384
test,learned_grid,selected_train_validation,kalman_filter,online_state,all,latent_rmse,0.35578122508372961
test,learned_grid,selected_train_validation,kalman_filter,online_state,all,interval_95_coverage,0.94843750000000004
test,learned_grid,selected_train_validation,kalman_filter,online_state,all,mean_posterior_variance,0.13196395794704122
test,learned_grid,selected_train_validation,rts_smoother,retrospective_state,all,latent_rmse,0.31413568495860111
test,learned_grid,selected_train_validation,rts_smoother,retrospective_state,all,interval_95_coverage,0.94843750000000004
test,learned_grid,selected_train_validation,rts_smoother,retrospective_state,all,mean_posterior_variance,0.10111147150416747
test,learned_grid,baseline,stationary_mean,point_state,all,latent_rmse,0.61600626940280057
test,learned_grid,baseline,persistence,point_state,all,latent_rmse,0.60333433388944924
test,learned_grid,selected_train_validation,open_loop,point_state,all,latent_rmse,0.61107230574852744
test,learned_grid,selected_train_validation,kalman_filter,one_step_observation,observed,predictive_nll,1.1114523753447194
test,learned_grid,selected_train_validation,kalman_filter,innovation,observed,innovation_mean,-0.027404961492454694
test,learned_grid,selected_train_validation,kalman_filter,innovation,observed,innovation_variance,0.89985105939167054
test,learned_grid,selected_train_validation,kalman_filter,innovation,observed,innovation_lag1,0.0048282405030048384
test,q_too_small_r_too_large,predeclared_wrong,kalman_filter,online_state,all,latent_rmse,0.47876212640208182
test,q_too_small_r_too_large,predeclared_wrong,kalman_filter,online_state,all,interval_95_coverage,0.70625000000000004
test,q_too_small_r_too_large,predeclared_wrong,kalman_filter,online_state,all,mean_posterior_variance,0.068022578739519488
test,q_too_small_r_too_large,predeclared_wrong,rts_smoother,retrospective_state,all,latent_rmse,0.42043328527765844
test,q_too_small_r_too_large,predeclared_wrong,rts_smoother,retrospective_state,all,interval_95_coverage,0.73281249999999998
test,q_too_small_r_too_large,predeclared_wrong,rts_smoother,retrospective_state,all,mean_posterior_variance,0.058630840756884607
test,q_too_small_r_too_large,baseline,stationary_mean,point_state,all,latent_rmse,0.61600626940280057
test,q_too_small_r_too_large,baseline,persistence,point_state,all,latent_rmse,0.60333433388944924
test,q_too_small_r_too_large,predeclared_wrong,open_loop,point_state,all,latent_rmse,0.61394782089773237
test,q_too_small_r_too_large,predeclared_wrong,kalman_filter,one_step_observation,observed,predictive_nll,1.2000304884828599
test,q_too_small_r_too_large,predeclared_wrong,kalman_filter,innovation,observed,innovation_mean,-0.047543421648423775
test,q_too_small_r_too_large,predeclared_wrong,kalman_filter,innovation,observed,innovation_variance,0.69420190218720124
test,q_too_small_r_too_large,predeclared_wrong,kalman_filter,innovation,observed,innovation_lag1,0.24008642775651251
test,q_too_large_r_too_small,predeclared_wrong,kalman_filter,online_state,all,latent_rmse,0.50695041701303034
test,q_too_large_r_too_small,predeclared_wrong,kalman_filter,online_state,all,interval_95_coverage,0.74375000000000002
test,q_too_large_r_too_small,predeclared_wrong,kalman_filter,online_state,all,mean_posterior_variance,0.082267261845448414
test,q_too_large_r_too_small,predeclared_wrong,rts_smoother,retrospective_state,all,latent_rmse,0.46307606805491663
test,q_too_large_r_too_small,predeclared_wrong,rts_smoother,retrospective_state,all,interval_95_coverage,0.7578125
test,q_too_large_r_too_small,predeclared_wrong,rts_smoother,retrospective_state,all,mean_posterior_variance,0.073432545779406083
test,q_too_large_r_too_small,baseline,stationary_mean,point_state,all,latent_rmse,0.61600626940280057
test,q_too_large_r_too_small,baseline,persistence,point_state,all,latent_rmse,0.60333433388944924
test,q_too_large_r_too_small,predeclared_wrong,open_loop,point_state,all,latent_rmse,0.61780257339091904
test,q_too_large_r_too_small,predeclared_wrong,kalman_filter,one_step_observation,observed,predictive_nll,1.1872764572579393
test,q_too_large_r_too_small,predeclared_wrong,kalman_filter,innovation,observed,innovation_mean,-0.012746374285276229
test,q_too_large_r_too_small,predeclared_wrong,kalman_filter,innovation,observed,innovation_variance,1.1046654917031105
test,q_too_large_r_too_small,predeclared_wrong,kalman_filter,innovation,observed,innovation_lag1,-0.31102721577228598
test,missing_block,known_true,kalman_filter,online_state,all,latent_rmse,0.4231633536672601
test,missing_block,known_true,kalman_filter,online_state,all,interval_95_coverage,0.94374999999999998
test,missing_block,known_true,kalman_filter,online_state,all,mean_posterior_variance,0.16863413226595272
test,missing_block,known_true,kalman_filter,online_state,inside_missing_block,latent_rmse,0.61477255281123611
test,missing_block,known_true,kalman_filter,online_state,inside_missing_block,interval_95_coverage,0.91666666666666663
test,missing_block,known_true,kalman_filter,online_state,inside_missing_block,mean_posterior_variance,0.32083611145135738
test,missing_block,known_true,kalman_filter,online_state,outside_missing_block,latent_rmse,0.36492778075000726
test,missing_block,known_true,kalman_filter,online_state,outside_missing_block,interval_95_coverage,0.94999999999999996
test,missing_block,known_true,kalman_filter,online_state,outside_missing_block,mean_posterior_variance,0.13351059860778242
test,missing_block,known_true,rts_smoother,retrospective_state,all,latent_rmse,0.38897575347375496
test,missing_block,known_true,rts_smoother,retrospective_state,all,interval_95_coverage,0.93906250000000002
test,missing_block,known_true,rts_smoother,retrospective_state,all,mean_posterior_variance,0.1365271245939253
test,missing_block,known_true,rts_smoother,retrospective_state,inside_missing_block,latent_rmse,0.59503081644832045
test,missing_block,known_true,rts_smoother,retrospective_state,inside_missing_block,interval_95_coverage,0.91666666666666663
test,missing_block,known_true,rts_smoother,retrospective_state,inside_missing_block,mean_posterior_variance,0.28274943643133382
test,missing_block,known_true,rts_smoother,retrospective_state,outside_missing_block,latent_rmse,0.32328234516954152
test,missing_block,known_true,rts_smoother,retrospective_state,outside_missing_block,interval_95_coverage,0.94423076923076921
test,missing_block,known_true,rts_smoother,retrospective_state,outside_missing_block,mean_posterior_variance,0.10278351416990796
test,missing_block,baseline,stationary_mean,point_state,all,latent_rmse,0.61600626940280057
test,missing_block,baseline,stationary_mean,point_state,inside_missing_block,latent_rmse,0.68695801085944785
test,missing_block,baseline,stationary_mean,point_state,outside_missing_block,latent_rmse,0.59843935860414244
test,missing_block,baseline,persistence,point_state,all,latent_rmse,0.70135857141758495
test,missing_block,baseline,persistence,point_state,inside_missing_block,latent_rmse,0.99596447327222559
test,missing_block,baseline,persistence,point_state,outside_missing_block,latent_rmse,0.61360384583799954
test,missing_block,known_true,open_loop,point_state,all,latent_rmse,0.61107230574852744
test,missing_block,known_true,open_loop,point_state,inside_missing_block,latent_rmse,0.68664322880226858
test,missing_block,known_true,open_loop,point_state,outside_missing_block,latent_rmse,0.59226508063828298
test,missing_block,known_true,kalman_filter,one_step_observation,observed,predictive_nll,1.115170846575019
test,missing_block,known_true,kalman_filter,innovation,observed,innovation_mean,-0.021528565256841246
test,missing_block,known_true,kalman_filter,innovation,observed,innovation_variance,0.90127716586184148
test,missing_block,known_true,kalman_filter,innovation,observed,innovation_lag1,-0.041685861833570426
test,correct_model,known_true,oracle_check,posterior_marginal,short_sequence,filter_batch_mean_max_abs,1.9428902930940239e-16
test,correct_model,known_true,oracle_check,posterior_marginal,short_sequence,filter_batch_variance_max_abs,2.7755575615628914e-17
test,correct_model,known_true,oracle_check,posterior_marginal,short_sequence,rts_batch_mean_max_abs,2.3592239273284576e-16
test,correct_model,known_true,oracle_check,posterior_marginal,short_sequence,rts_batch_variance_max_abs,1.3877787807814457e-16
test,correct_model,known_true,oracle_check,posterior_marginal,short_sequence,smoother_minus_filter_variance_max,0
test,correct_model,known_true,oracle_check,posterior_marginal,short_sequence,causal_prefix_length,13
test,correct_model,known_true,oracle_check,posterior_marginal,short_sequence,causal_prefix_change_max_abs,0
test,correct_model,known_true,oracle_check,posterior_marginal,short_sequence,batch_covariance_symmetry_max_abs,0
test,correct_model,known_true,oracle_check,posterior_marginal,short_sequence,batch_covariance_min_eigenvalue,0.027336938992874333
test,reset_boundary_negative_control,intentionally_wrong_continuation,kalman_filter,online_state,boundary,boundary_prediction_from_previous_sequence,-0.8723558714112597
test,reset_boundary_negative_control,intentionally_wrong_continuation,kalman_filter,online_state,boundary,correct_reset_prior_mean,0
test,reset_boundary_negative_control,intentionally_wrong_continuation,kalman_filter,online_state,boundary,first_state_estimate_abs_difference,0.76641714231670743
test,reset_boundary_negative_control,intentionally_wrong_continuation,kalman_filter,online_state,boundary,first_8_wrong_rmse,0.38277115251558186
test,reset_boundary_negative_control,intentionally_wrong_continuation,kalman_filter,online_state,boundary,first_8_proper_rmse,0.33353531205313008
test,reset_boundary_negative_control,intentionally_wrong_continuation,kalman_filter,online_state,boundary,artificial_continuity_abs,0.8723558714112597
stress,near_unit_root,known_stress,kalman_filter,numerical_stress,all,stationary_prior_variance,1.0050251256281393
stress,near_unit_root,known_stress,kalman_filter,numerical_stress,all,max_filter_variance,0.28612303290414864
stress,near_unit_root,known_stress,rts_smoother,numerical_stress,all,max_smoother_variance,0.077201387794439802
stress,near_unit_root,known_stress,kalman_filter,numerical_stress,all,tight_vs_stationary_first_20_mean_max_abs,1.0643200522135612
stress,near_unit_root,known_stress,kalman_filter,numerical_stress,all,tight_vs_stationary_first_20_variance_max_abs,0.24167858845970419
stress,near_unit_root,known_stress_stationary_prior,open_loop,predictive_variance,horizon_1,open_loop_predictive_variance,1.0050251256281393
stress,near_unit_root,known_stress_stationary_prior,open_loop,predictive_variance,horizon_10,open_loop_predictive_variance,1.0050251256281393
stress,near_unit_root,known_stress_stationary_prior,open_loop,predictive_variance,horizon_50,open_loop_predictive_variance,1.0050251256281393
stress,near_unit_root,known_stress_stationary_prior,open_loop,predictive_variance,horizon_100,open_loop_predictive_variance,1.0050251256281393
stress,near_unit_root,known_stress_stationary_prior,open_loop,predictive_variance,horizon_200,open_loop_predictive_variance,1.0050251256281393
stress,near_unit_root,known_stress_tight_prior,open_loop,predictive_variance,horizon_1,open_loop_predictive_variance,0.069004999999999997
stress,near_unit_root,known_stress_tight_prior,open_loop,predictive_variance,horizon_10,open_loop_predictive_variance,0.22390344979721741
stress,near_unit_root,known_stress_tight_prior,open_loop,predictive_variance,horizon_50,open_loop_predictive_variance,0.65545504291971213
stress,near_unit_root,known_stress_tight_prior,open_loop,predictive_variance,horizon_100,open_loop_predictive_variance,0.87707116981529787
stress,near_unit_root,known_stress_tight_prior,open_loop,predictive_variance,horizon_200,open_loop_predictive_variance,0.98788189623154554
test,informative_missingness,known_true_unmodeled_mask,kalman_filter,diagnostic_only,all,missing_fraction,0.28437499999999999
test,informative_missingness,known_true_unmodeled_mask,kalman_filter,diagnostic_only,all,mean_abs_latent_when_missing,0.7177937414921971
test,informative_missingness,known_true_unmodeled_mask,kalman_filter,diagnostic_only,all,mean_abs_latent_when_observed,0.40602685596073984
test,informative_missingness,known_true_unmodeled_mask,kalman_filter,diagnostic_only,all,skipped_update_filter_rmse,0.53414883361000387
test,learned_vs_known_gap,selected_train_validation_minus_known,comparison,mixed,all,filter_latent_rmse,0
test,learned_vs_known_gap,selected_train_validation_minus_known,comparison,mixed,all,smoother_latent_rmse,0
test,learned_vs_known_gap,selected_train_validation_minus_known,comparison,mixed,all,filter_interval_95_coverage,0
test,learned_vs_known_gap,selected_train_validation_minus_known,comparison,mixed,all,smoother_interval_95_coverage,0
test,learned_vs_known_gap,selected_train_validation_minus_known,comparison,mixed,all,predictive_nll,0
